Category	Term	Count	%	PValue	Genes	List Total	Pop Hits	Pop Total	Fold Enrichment	Bonferroni	Benjamini	FDR
KEGG_PATHWAY	hsa03083:Polycomb repressive complex	29	1.185124642419289	2.0966980514653488E-7	L3MBTL1, L3MBTL2, USP16, MAX, FOXK2, BMI1, YY1, WDR5, EP300, RBBP7, E2F6, CBX8, CBX7, USP7, PCGF6, MBD5, SFMBT1, CBX3, PCGF5, TEX10, MGA, CBX2, PCGF3, PHC3, HCFC1, RYBP, AEBP2, LCOR, BCOR	1073	83	8840	2.8785411917942043	7.002727024940647E-5	7.002971491894265E-5	5.807853602559016E-5
KEGG_PATHWAY	hsa04931:Insulin resistance	29	1.185124642419289	7.310430612679413E-5	GSK3B, PRKAA1, IRS1, PRKAG2, FOXO1, RELA, GYS2, MAPK9, RPS6KA3, PPP1CC, MAPK8, CREB3L3, RPS6KA2, RPS6KA1, CREB3L2, PPARGC1A, PPARGC1B, PDPK1, NR1H3, PTPN11, PRKAB1, NFKB1, TNFRSF1A, MLXIPL, G6PC3, PIK3CA, RPS6KB1, TRIB3, PPARA	1073	109	8840	2.1919166873295315	0.024122029662470568	0.006514038777706693	0.005402361501271718
KEGG_PATHWAY	hsa05215:Prostate cancer	27	1.103391908459338	7.315635455115187E-5	RB1, GSK3B, CDKN1A, HSP90AB1, TMPRSS2, PLAT, FOXO1, RELA, EGFR, CASP9, CCND1, CREB3L3, CREB3L2, EP300, MAP2K1, PDPK1, BRAF, NFKB1, AR, ZEB1, PIK3CA, CCNE2, CCNE1, MDM2, ERG, SOS2, ATF4	1073	98	8840	2.2698137969073926	0.024138995587902445	0.006514038777706693	0.005402361501271718
KEGG_PATHWAY	hsa04068:FoxO signaling pathway	33	1.3485901103391909	7.801244045157716E-5	CDKN1A, PRKAA1, IRS1, SETD7, FBXO25, PRKAG2, FOXO1, EGFR, MAPK9, MAPK8, CCND1, S1PR1, EP300, S1PR4, PLK3, USP7, GABARAPL1, MAP2K1, SMAD4, PDPK1, BRAF, MAPK14, SIRT1, PRKAB1, ATG12, TGFBR2, MAPK11, G6PC3, PIK3CA, CCNG2, MDM2, SGK2, SOS2	1073	132	8840	2.059645852749301	0.025720613012917726	0.006514038777706693	0.005402361501271718
KEGG_PATHWAY	hsa05200:Pathways in cancer	94	3.8414384961176955	1.339320973941786E-4	RB1, ITGB1, GSK3B, CDKN1A, HSP90AB1, EPO, LAMC1, BRCA2, FGF1, ETS1, ELK1, CRKL, CASP9, RASSF1, RPS6KA5, CCND1, SUFU, EP300, ITGAV, RAC1, PRKACA, NCOA1, RALBP1, MAP2K1, IL4R, IFNGR1, NCOA3, HGF, DAPK2, NCOA4, F2R, TGFBR2, AR, PLCB3, PIK3CA, CCNE2, MSH2, CCNE1, TRAF6, CKS2, RARA, PLCB1, IL6ST, CRK, SOS2, NOTCH2, NOTCH3, NOTCH1, ROCK2, MAX, LAMA4, PTGER2, LPAR1, CXCR4, RASGRP1, ADCY7, FOXO1, EGFR, RELA, LRP6, DLL4, GNA13, RXRB, MAPK9, MAPK8, RXRA, TPR, STAT6, FADD, BID, RXRG, NTRK1, SMAD4, FZD2, JUP, FZD5, TXNRD3, ZBTB16, PTCH1, FZD6, IGF2, BRAF, MLH1, EPOR, NFKB1, BMP2, KITLG, RPS6KB1, APC, GNB4, CCDC6, MDM2, BAX, BCL2L1	1073	533	8840	1.4529584252040098	0.04375040408199338	0.00894666410593113	0.007419838195637494
KEGG_PATHWAY	hsa04722:Neurotrophin signaling pathway	30	1.2259910093992643	1.763709635332529E-4	GSK3B, IRS1, RELA, CRKL, RAP1B, MAPK9, RPS6KA3, MAPK8, RPS6KA5, RPS6KA2, RPS6KA1, RAC1, NTRK1, MAP2K1, PDPK1, RIPK2, GAB1, PTPN11, BRAF, MAPK14, NFKB1, MAPK11, PIK3CA, TRAF6, MAPKAPK2, BAX, CRK, SOS2, ATF4, NFKBIB	1073	120	8840	2.059645852749301	0.05721130347496839	0.00981798363668441	0.008142459483118508
KEGG_PATHWAY	hsa04919:Thyroid hormone signaling pathway	30	1.2259910093992643	2.3928761062880493E-4	PFKFB2, NOTCH2, GSK3B, NOTCH3, NOTCH1, GATA4, MED16, FOXO1, ACTB, CASP9, RXRB, RXRA, MED13, CCND1, SIN3A, EP300, ITGAV, SLC16A2, PRKACA, RXRG, NCOA1, MAP2K1, PDPK1, NCOA3, SLC16A10, PLCB3, NCOR1, PIK3CA, MDM2, PLCB1	1073	122	8840	2.0258811666386567	0.07682053398027788	0.01141743742143155	0.009468952592025567
KEGG_PATHWAY	hsa03018:RNA degradation	22	0.8990600735594606	2.8279162042920927E-4	DDX6, BTG1, CNOT6L, DIS3L, PARN, TOB2, LSM4, TENT4B, TOB1, PATL1, CNOT4, EDC4, LSM7, CNOT7, XRN1, XRN2, DCP1A, DCPS, CNOT9, EXOSC2, DCP2, MPHOSPH6	1073	78	8840	2.323703013358186	0.09014111135226632	0.011806550152919487	0.00979165985736137
KEGG_PATHWAY	hsa04211:Longevity regulating pathway	24	0.9807928075194116	3.404949385958792E-4	ATF2, KL, PRKAA1, ATF6B, IRS1, EHMT2, PRKAG2, ADIPOR1, ADCY7, SIRT1, PRKAB1, FOXO1, RELA, NFKB1, SESN3, PIK3CA, RPS6KB1, CREB3L3, SESN1, CREB3L2, BAX, PRKACA, PPARGC1A, ATF4	1073	90	8840	2.196955576265921	0.10751419956643915	0.011999678678012835	0.0099518293227831
KEGG_PATHWAY	hsa05131:Shigellosis	50	2.043318348998774	3.5927181670697113E-4	ITGB1, GSK3B, TRADD, WASL, FNBP1L, ACTB, CRKL, RPS6KA5, RAC1, MAP3K7, RIPK2, FBXW11, ATG14, ATG12, TNFRSF1A, PLCB3, PIK3CA, RRAGC, TRAF6, HCLS1, ARHGEF2, RBCK1, PLCB1, PFN1, TLR4, CRK, ROCK2, U2AF1, NOD1, BCL10, FOXO1, EGFR, RELA, MAPK9, MAPK8, RIPK1, CD14, WASF2, CBX3, ARPC4, MAPK14, SEPTIN9, NFKB1, MAPK11, RPS6KB1, MDM2, BAX, MYD88, NFKBIB, BCL2L1	1073	249	8840	1.6543340182725308	0.11309583606255191	0.011999678678012835	0.0099518293227831
KEGG_PATHWAY	hsa05161:Hepatitis B	36	1.4711892112791174	4.708991832439876E-4	RB1, ATF2, CDKN1A, DDX3X, ATF6B, ELK1, RELA, CASP9, MAPK9, MAPK8, CREB3L3, CREB3L2, EP300, STAT6, FADD, BID, MAP3K7, MAP2K3, MAP2K1, SMAD4, BRAF, TYK2, MAPK14, YWHAZ, NFKB1, TGFBR2, MAPK11, PIK3CA, CCNE2, CCNE1, TRAF6, BAX, TLR4, SOS2, MYD88, ATF4	1073	163	8840	1.8195644343306707	0.1455671559299515	0.014298211563953804	0.01185809761441678
KEGG_PATHWAY	hsa05132:Salmonella infection	49	2.0024519820187985	7.994878828445657E-4	HSP90AB1, TRADD, WASL, PIK3C2A, ACTB, FYCO1, KPNA4, RAC1, MAP3K7, KPNA1, MAP2K3, MAP2K1, DYNLT1, RIPK2, EXOC7, RHOH, TNFRSF1A, DNM2, PIK3CA, TRAF6, EXOC5, PFN1, TLR4, EXOC2, RAB7A, ROCK2, DCTN1, NOD1, SNX33, RELA, MAPK9, MAPK8, RIPK1, NCKAP1L, CD14, FADD, RILP, VPS16, DYNC1H1, ARPC4, MAPK14, TUBB4A, NFKB1, MAPK11, PTPRC, BAX, DYNLRB1, RAB5A, MYD88	1073	251	8840	1.6083290324257489	0.23443086389890977	0.019779526942980765	0.016403978931753507
KEGG_PATHWAY	hsa05202:Transcriptional misregulation in cancer	40	1.6346546791990193	8.187901120627586E-4	ATF1, CDKN1A, DDX5, CCNT2, CCNT1, KMT2A, MAX, PRCC, TMPRSS2, PLAT, BMI1, MLLT3, FOXO1, AFF1, RELA, RXRB, RXRA, SIN3A, CD14, RXRG, NTRK1, SS18, SMAD1, JUP, FUS, ZBTB16, SS18L1, TFE3, KLF3, FLI1, NFKB1, TGFBR2, NCOR1, ZEB1, DDIT3, RARA, MDM2, BAX, ERG, BCL2L1	1073	193	8840	1.7074784271496797	0.23935454121008937	0.019779526942980765	0.016403978931753507
KEGG_PATHWAY	hsa04144:Endocytosis	49	2.0024519820187985	8.748942251112365E-4	WASHC4, VPS29, CLTB, WASL, EEA1, CAPZB, PSD3, LDLRAP1, WASHC1, RAB8A, SH3GL1, SH3GLB1, USP8, ARAP2, RBSN, EPN1, TGFBR2, ARFGAP2, RNF41, DNM2, ACAP2, ZFYVE16, TRAF6, PARD3, RAB35, CHMP7, CHMP5, RAB7A, ASAP3, CXCR4, EGFR, MVB12B, PIP5K1A, RAB11FIP3, SNX5, ARFGEF2, HSPA8, SMURF2, IQSEC1, ARPC4, SNF8, STAM, RAB11B, SPART, ITCH, CHMP2B, MDM2, SMAP2, RAB5A	1073	252	8840	1.6019467743605673	0.25348724388934163	0.019779526942980765	0.016403978931753507
KEGG_PATHWAY	hsa05163:Human cytomegalovirus infection	45	1.8389865140988966	8.88302108217699E-4	RB1, ATF2, GSK3B, CDKN1A, ATF6B, ROCK2, TRADD, PTGER2, CXCR4, ELK1, ADCY7, RELA, EGFR, CRKL, CASP9, GNA13, AKAP13, PPP3CB, PPP3R1, CCND1, CREB3L3, CREB3L2, RIPK1, ITGAV, FADD, RAC1, BID, PRKACA, MAP2K1, IL10RB, TAP1, MAPK14, NFKB1, TNFRSF1A, MAPK11, PLCB3, PIK3CA, RPS6KB1, GNB4, MDM2, BAX, PLCB1, CRK, SOS2, ATF4	1073	226	8840	1.6404259004197972	0.2568257642302372	0.019779526942980765	0.016403978931753507
KEGG_PATHWAY	hsa04010:MAPK signaling pathway	56	2.2885165508786267	9.881526990594234E-4	ATF2, TRADD, FGF1, DUSP16, ELK1, CRKL, RPS6KA3, PPP3CB, RPS6KA5, RPS6KA2, RPS6KA1, RAC1, PRKACA, MAP3K7, MAP3K4, MAP2K3, MAP2K1, HGF, DUSP8, TGFBR2, DUSP7, TNFRSF1A, TRAF6, RASA1, DDIT3, MAPKAPK2, RAPGEF2, CRK, SOS2, ATF4, MAX, RASGRP1, EGFR, RELA, STK3, RAP1B, MAPK9, PPP3R1, MAPK8, CD14, NTRK1, MAP3K2, HSPA8, JUND, IGF2, BRAF, MAPK14, NFKB1, EFNA1, MAPK11, KITLG, TAOK1, NF1, TEK, MAP3K13, MYD88	1073	300	8840	1.5378689033861448	0.28122447569881526	0.020627687592865464	0.017107393602466266
KEGG_PATHWAY	hsa05130:Pathogenic Escherichia coli infection	41	1.6755210461789947	0.001177144778386522	ITGB1, RAB1A, ROCK2, TRADD, LPAR1, WASL, RELA, ACTB, CASP9, GNA13, MAPK9, MAPK8, MYH14, RIPK1, FYN, NCKAP1L, FADD, RAC1, ABCF2, MAP3K7, WASF2, NCK1, MYO10, F2R, PTPN11, ARPC4, MAPK14, TUBB4A, NFKB1, TNFRSF1A, CLDN5, MAPK11, MYO1B, CLDN3, TRAF6, BAX, HCLS1, ARHGEF2, TLR4, MYD88, NFKBIB	1073	203	8840	1.6639503440930312	0.32523982301893994	0.02180823219652211	0.018086468019271332
KEGG_PATHWAY	hsa04152:AMPK signaling pathway	28	1.1442582754393134	0.0012534877446713695	PFKFB2, PRKAA1, CAB39, IRS1, PRKAG2, PPP2R2A, ADIPOR1, ELAVL1, FOXO1, GYS2, CCND1, CREB3L3, HNF4A, CREB3L2, PPARGC1A, MAP3K7, RAB8A, STRADA, PDPK1, PPP2R5B, SIRT1, PRKAB1, RAB11B, G6PC3, PIK3CA, RPS6KB1, FBP1, CFTR	1073	122	8840	1.8908224221960797	0.34224813383094044	0.02180823219652211	0.018086468019271332
KEGG_PATHWAY	hsa04071:Sphingolipid signaling pathway	28	1.1442582754393134	0.0012534877446713695	ROCK2, TRADD, PPP2R2A, SGMS2, RELA, GNA13, SMPD2, MAPK9, MAPK8, SGPL1, S1PR1, FYN, RAC1, BID, S1PR4, MAP2K1, PDPK1, PPP2R5B, MAPK14, SGPP1, NFKB1, TNFRSF1A, ACER2, MAPK11, PLCB3, PIK3CA, BAX, PLCB1	1073	122	8840	1.8908224221960797	0.34224813383094044	0.02180823219652211	0.018086468019271332
KEGG_PATHWAY	hsa04920:Adipocytokine signaling pathway	19	0.7764609726195342	0.0013484852927588206	PRKAA1, IRS1, TRADD, PRKAG2, PTPN11, ADIPOR1, PRKAB1, RELA, NFKB1, TNFRSF1A, RXRB, MAPK9, MAPK8, G6PC3, RXRA, PPARA, PPARGC1A, RXRG, NFKBIB	1073	70	8840	2.2361869258420985	0.362816780449967	0.02180823219652211	0.018086468019271332
KEGG_PATHWAY	hsa01522:Endocrine resistance	24	0.9807928075194116	0.0014177622632244335	RB1, NOTCH2, NOTCH3, CDKN1A, MAP2K1, NOTCH1, NCOA3, BRAF, MAPK14, ADCY7, EGFR, DLL4, MAPK11, MAPK9, MAPK8, NCOR1, PIK3CA, CCND1, RPS6KB1, CARM1, MDM2, BAX, PRKACA, SOS2	1073	99	8840	1.9972323420599283	0.3774109395320566	0.02180823219652211	0.018086468019271332
KEGG_PATHWAY	hsa03082:ATP-dependent chromatin remodeling	27	1.103391908459338	0.0014364703842020552	MEAF6, BAZ2A, RSF1, ACTB, YY1, BCL7B, DPF2, EPC1, EPC2, BRD9, RBBP7, MTA2, ARID2, NFRKB, BPTF, SS18, PBRM1, PHF10, MCRS1, SS18L1, SMARCA5, ACTR8, INO80, BAZ1A, GATAD2B, MRGBP, CDK2AP2	1073	117	8840	1.90121155638397	0.38129459124633425	0.02180823219652211	0.018086468019271332
KEGG_PATHWAY	hsa05212:Pancreatic cancer	20	0.8173273395995097	0.0017023289735216389	RB1, CDKN1A, MAP2K1, RALBP1, SMAD4, BRAF, BRCA2, EGFR, RELA, NFKB1, TGFBR2, CASP9, MAPK9, MAPK8, PIK3CA, CCND1, RPS6KB1, BAX, RAC1, BCL2L1	1073	77	8840	2.1398917950642087	0.43394406489455717	0.024720777267662062	0.020501961985456257
KEGG_PATHWAY	hsa04936:Alcoholic liver disease	31	1.26685737637924	0.0019180277123175375	GSK3B, PRKAA1, TRADD, PRKAG2, ADH7, ADIPOR1, FOXO1, RELA, MAPK9, MAPK8, CCND1, TRA2A, RIPK1, FADD, CD14, PPARGC1A, MAP3K7, MAP2K3, MAPK14, SIRT1, PRKAB1, NFKB1, TNFRSF1A, MAPK11, TRAF6, NOX4, PPARA, TLR4, LPIN2, LPIN3, MYD88	1073	144	8840	1.7735839287563424	0.4733591212810895	0.026692552329752397	0.022137236512998246
KEGG_PATHWAY	hsa03013:Nucleocytoplasmic transport	25	1.021659174499387	0.002151021742885611	SEH1L, CASC3, IPO9, TPR, SUMO2, KPNA4, NUP88, TNPO1, KPNA2, KPNA1, UPF2, NCBP1, NUP210, UPF3B, XPO7, NUP153, THOC2, SENP2, SNUPN, NUP50, RNPS1, NUP54, NUP98, NUP58, NUP37	1073	108	8840	1.9070794932863897	0.5128655243668336	0.028737650484951763	0.02383332091117257
KEGG_PATHWAY	hsa05152:Tuberculosis	36	1.4711892112791174	0.002923513950379988	TRADD, CEBPG, BCL10, RELA, CTSS, CASP9, EEA1, MAPK9, PPP3CB, PPP3R1, MAPK8, MRC1, EP300, ATP6V0A4, FADD, CD14, BID, PLK3, SYK, IFNGR1, IL10RB, RIPK2, NFYC, MAPK14, NFKB1, TNFRSF1A, MAPK11, TRAF6, RFX5, RFXAP, BAX, ATP6V0D1, RAB5A, TLR4, MYD88, RAB7A	1073	180	8840	1.6477166821994407	0.6238938213324217	0.0375559099779583	0.031146667855971408
KEGG_PATHWAY	hsa04120:Ubiquitin mediated proteolysis	30	1.2259910093992643	0.0030838621312172876	ANAPC13, ANAPC15, UBA6, UBE3A, UBE3B, UBE2J2, RCHY1, UBE2Z, HERC3, CDC23, UBE2Q1, UBR5, FBXW8, UBE2B, SMURF2, FBXW11, SIAH1, HUWE1, UBE2G1, WWP2, UBE2G2, PIAS1, KLHL9, ITCH, TRAF6, MDM2, UBA2, NHLRC1, TRIP12, TRIM37	1073	142	8840	1.7405457910557476	0.6435643031688019	0.03814851673431756	0.031638141123969954
KEGG_PATHWAY	hsa05216:Thyroid cancer	12	0.4903964037597058	0.0033974729707776353	RXRB, NTRK1, CDKN1A, MAP2K1, RXRA, CCND1, TPR, NCOA4, CCDC6, BAX, BRAF, RXRG	1073	37	8840	2.6719729981612557	0.6791199818197933	0.04052699900856179	0.033610714746621605
KEGG_PATHWAY	hsa04530:Tight junction	34	1.3894564773191664	0.0038966209918855077	ITGB1, PRKAA1, ROCK2, WAS, PRKAG2, GATA4, PPP2R2A, ACTB, MAPK9, EPB41L4B, MAPK8, CCND1, MYH14, SYMPK, RAC1, PRKACA, CGNL1, RAB8A, MAGI1, ARHGEF18, ARPC4, PRKAB1, CLDN5, CLDN3, PARD3, RAPGEF2, HCLS1, AMOTL2, ARHGEF2, NF2, LLGL1, CFTR, CRB3, PALS1	1073	170	8840	1.647716682199441	0.7285598722972175	0.04415567459862111	0.036620125340772594
KEGG_PATHWAY	hsa05135:Yersinia infection	29	1.185124642419289	0.003966078556762375	ITGB1, GSK3B, ROCK2, WAS, WASL, RELA, ACTB, CRKL, MAPK9, RPS6KA3, MAPK8, RPS6KA2, RPS6KA1, PIP5K1A, RAC1, MAP3K7, WASF2, MAP2K3, MAP2K1, ITGA4, ARPC4, MAPK14, NFKB1, MAPK11, PIK3CA, TRAF6, CRK, TLR4, MYD88	1073	138	8840	1.7312965139052097	0.7348087664964216	0.04415567459862111	0.036620125340772594
KEGG_PATHWAY	hsa04922:Glucagon signaling pathway	24	0.9807928075194116	0.0041062397595305	ATF2, PRKAA1, PRKAG2, PHKA1, PPP4R3A, SIRT1, PRKAB1, FOXO1, GYS2, PLCB3, PPP3CB, PPP3R1, G6PC3, CREB3L3, CREB3L2, EP300, SIK1, SIK2, PLCB1, PPARA, PRKACA, PPARGC1A, FBP1, ATF4	1073	107	8840	1.8479065594760085	0.7469852857919488	0.0442414219252641	0.036691239141611244
KEGG_PATHWAY	hsa04150:mTOR signaling pathway	32	1.3077237433592153	0.004284586990549093	GSK3B, PRKAA1, SEH1L, CAB39, IRS1, NPRL2, SLC3A2, LRP6, RPS6KA3, RPS6KA2, RPS6KA1, RICTOR, FNIP1, RNF152, EIF4B, MAP2K1, FZD2, FZD5, STRADA, PDPK1, FZD6, BRAF, TNFRSF1A, SLC7A5, PIK3CA, RPS6KB1, RRAGC, TBC1D7, LPIN2, SOS2, LPIN3, TELO2	1073	158	8840	1.6685738553918388	0.7616765688694102	0.04472037671385616	0.03708845613694059
KEGG_PATHWAY	hsa05203:Viral carcinogenesis	39	1.593788312219044	0.004671517967690993	RB1, ATF2, CDKN1A, DDX3X, ATF6B, TRADD, UBR4, UBE3A, RBPJ, GTF2E1, RELA, HDAC6, POLB, CCND1, CREB3L3, CREB3L2, EP300, RAC1, PRKACA, YWHAG, USP7, TBP, SYK, GTF2H1, GTF2H4, YWHAZ, SND1, NFKB1, PIK3CA, CCNE2, CCNE1, MAPKAPK2, MDM2, BAX, TBPL1, ATP6V0D1, IL6ST, MAD1L1, ATF4	1073	205	8840	1.567340258677517	0.7906908316354465	0.0463929817756517	0.03847561662232192
KEGG_PATHWAY	hsa05160:Hepatitis C	32	1.3077237433592153	0.004722638863389694	RB1, GSK3B, CDKN1A, TRADD, PPP2R2A, RELA, EGFR, CASP9, RXRA, CCND1, RIPK1, FADD, BID, YWHAG, MAP2K1, EIF2AK1, NR1H3, BRAF, TYK2, CFLAR, YWHAZ, NFKB1, TNFRSF1A, PIAS1, CLDN5, CLDN3, PIK3CA, OAS3, TRAF6, BAX, PPARA, SOS2	1073	159	8840	1.6580796802006952	0.7942508977915572	0.0463929817756517	0.03847561662232192
KEGG_PATHWAY	hsa04330:Notch signaling pathway	16	0.6538618716796076	0.006117718607836637	SPEN, TLE4, NOTCH2, NOTCH3, NOTCH1, DTX3L, DTX4, RBPJ, APH1A, DLL4, ADAM17, ITCH, ATXN1L, NUMB, EP300, MAML3	1073	62	8840	2.1260860415476652	0.8712127996322427	0.05838051471478391	0.04841737298202139
KEGG_PATHWAY	hsa05222:Small cell lung cancer	21	0.858193706579485	0.007119098684426852	RB1, ITGB1, CDKN1A, MAX, LAMA4, LAMC1, RELA, NFKB1, CASP9, RXRB, RXRA, PIK3CA, CCNE2, CCND1, CCNE1, TRAF6, CKS2, BAX, ITGAV, RXRG, BCL2L1	1073	93	8840	1.8603252863542072	0.9080291102437655	0.06604941557218247	0.054777509321839946
KEGG_PATHWAY	hsa05205:Proteoglycans in cancer	38	1.5529219452390683	0.007460914137955226	ITGB1, CDKN1A, DDX5, ROCK2, SDC2, IQGAP1, ELK1, EGFR, ACTB, PPP1CC, CCND1, DROSHA, ITGAV, RAC1, PRKACA, EIF4B, MAP2K1, FZD2, PPP1R12A, FZD5, PDPK1, HGF, PTCH1, FZD6, IGF2, GAB1, PTPN11, BRAF, MAPK14, DCN, MAPK11, PIK3CA, RPS6KB1, MDM2, PDCD4, HCLS1, TLR4, SOS2	1073	204	8840	1.5346380863622242	0.9180206518815972	0.06734987356964987	0.05585603287063778
KEGG_PATHWAY	hsa04114:Oocyte meiosis	28	1.1442582754393134	0.008432522596487836	ANAPC13, ANAPC15, PKMYT1, SMC3, ADCY7, AURKA, RPS6KA3, PPP1CC, PPP3CB, PPP3R1, SLK, CDC23, RPS6KA2, RPS6KA1, PRKACA, YWHAG, MAP2K1, FBXW11, PPP2R5B, MAPK14, SMC1A, YWHAZ, MAPK11, AR, CCNE2, CCNE1, MAD1L1, CPEB4	1073	139	8840	1.6595707590497966	0.9408929263057371	0.07411743545334044	0.0614686515586087
KEGG_PATHWAY	hsa04659:Th17 cell differentiation	23	0.939926440539436	0.009496806017315354	SMAD4, IL4R, HSP90AB1, IFNGR1, RORC, TYK2, AHR, MAPK14, RELA, NFKB1, TGFBR2, RXRB, MAPK11, MAPK9, PPP3CB, PPP3R1, MAPK8, RXRA, RARA, STAT6, IL6ST, RXRG, NFKBIB	1073	108	8840	1.7545131338234785	0.9587081803288827	0.08133162076367507	0.06745167350759879
KEGG_PATHWAY	hsa04151:PI3K-Akt signaling pathway	60	2.4519820187985286	0.010033572009479722	ITGB1, CHRM2, ATF2, GSK3B, CDKN1A, HSP90AB1, EPO, IRS1, PPP2R2A, LAMC1, FGF1, GHR, GYS2, CASP9, CCND1, CREB3L3, CREB3L2, ITGAV, RAC1, YWHAG, MAGI1, MAP2K1, IL4R, SYK, ITGA4, PDPK1, HGF, F2R, PPP2R5B, YWHAZ, PIK3CA, CCNE2, CCNE1, TLR4, SGK2, SOS2, ATF4, ITGA9, PRKAA1, ATF6B, LAMA4, LPAR1, EGFR, RELA, RELN, RXRA, EIF4B, MCL1, NTRK1, IGF2, EPOR, NFKB1, EFNA1, KITLG, G6PC3, RPS6KB1, GNB4, MDM2, TEK, BCL2L1	1073	362	8840	1.3655110625962217	0.965546292977282	0.08378032627915567	0.06948248616564708
KEGG_PATHWAY	hsa04934:Cushing syndrome	30	1.2259910093992643	0.010951365188526617	RB1, ATF2, GSK3B, CDKN1A, KMT2A, ATF6B, AHR, ADCY7, EGFR, RAP1B, CCND1, CREB3L3, CREB3L2, WDR5, PRKACA, PDE8A, USP8, MAP2K1, FZD2, FZD5, FZD6, BRAF, PLCB3, NCEH1, APC, CCNE2, ARMC5, CCNE1, PLCB1, ATF4	1073	155	8840	1.594564531160749	0.9747248131940458	0.08608941719231449	0.07139751066548237
KEGG_PATHWAY	hsa03015:mRNA surveillance pathway	22	0.8990600735594606	0.011001474623793419	UPF2, DAZAP1, SMG1, CPSF6, NCBP1, FUS, RNMT, CSTF3, SSU72, PPP2R5B, UPF3B, PPP2R2A, CASC3, SMG6, PPP1CC, CLP1, WDR82, PAPOLG, PAPOLA, SYMPK, RNPS1, TARDBP	1073	103	8840	1.759697427591636	0.97514892880158	0.08608941719231449	0.07139751066548237
KEGG_PATHWAY	hsa04622:RIG-I-like receptor signaling pathway	17	0.6947282386595832	0.011083368081645279	DDX3X, TRADD, MAPK14, RELA, ATG12, NFKB1, MAPK11, MAPK9, MAPK8, TKFC, TRAF6, PIN1, RIPK1, FADD, AZI2, MAP3K7, NFKBIB	1073	72	8840	1.9452210831521177	0.9758268374099636	0.08608941719231449	0.07139751066548237
KEGG_PATHWAY	hsa04140:Autophagy - animal	32	1.3077237433592153	0.011568058971866614	RAB1A, PRKAA1, MTMR3, IRS1, WDR41, ZFYVE1, MAPK9, MAPK8, TP53INP2, PRKACA, ATG7, MAP3K7, RAB8A, VPS16, SH3GLB1, GABARAPL1, MAP2K1, PDPK1, DAPK2, ATG9A, CFLAR, ATG14, ATG12, RAB33B, PIK3CA, RPS6KB1, RRAGC, TRAF6, ATG4C, RAB7A, BCL2L1, ATG2B	1073	169	8840	1.5599684565201806	0.9794779116437847	0.08750794892183275	0.07257395763876548
KEGG_PATHWAY	hsa04210:Apoptosis	27	1.103391908459338	0.011789993118210999	TRADD, CTSZ, RELA, LMNB2, CTSS, ACTB, CASP9, MAPK9, MAPK8, CTSH, RIPK1, FADD, BID, SPTAN1, MCL1, NTRK1, MAP2K1, PARP3, PDPK1, CFLAR, NFKB1, TNFRSF1A, PIK3CA, DDIT3, BAX, ATF4, BCL2L1	1073	136	8840	1.6356011183597388	0.9809608034228732	0.08750794892183275	0.07257395763876548
KEGG_PATHWAY	hsa05226:Gastric cancer	29	1.185124642419289	0.012647208461309404	RB1, GSK3B, CDKN1A, FGF1, EGFR, LRP6, RXRB, RXRA, CCND1, RXRG, MAP2K1, SMAD4, FZD2, JUP, FZD5, HGF, FZD6, GAB1, BRAF, MLH1, TGFBR2, APC, PIK3CA, CCNE2, RPS6KB1, CCNE1, BAX, CDH17, SOS2	1073	150	8840	1.592792792792793	0.9857515474293193	0.09182973100168133	0.07615819008223271
KEGG_PATHWAY	hsa05145:Toxoplasmosis	23	0.939926440539436	0.013038227580689565	MAP2K3, ITGB1, HSPA8, IFNGR1, IL10RB, PDPK1, LAMA4, TYK2, LAMC1, MAPK14, RELA, NFKB1, TNFRSF1A, CASP9, MAPK11, MAPK9, MAPK8, TRAF6, MAP3K7, TLR4, MYD88, BCL2L1, NFKBIB	1073	111	8840	1.7070938599363574	0.9875172356990448	0.09265463855213436	0.07684231999682999
KEGG_PATHWAY	hsa04137:Mitophagy - animal	22	0.8990600735594606	0.013630709110526447	USP8, FIS1, USP15, GABARAPL1, TOMM40, MTX1, SMURF2, SIAH1, TFE3, ATG9A, HUWE1, RELA, MAPK9, BCL2L13, RABGEF1, MAPK8, MFN2, RAB5A, TBC1D15, RAB7A, ATF4, BCL2L1	1073	105	8840	1.7261793813517954	0.9897857316996082	0.09484701756074652	0.07866055049199637
KEGG_PATHWAY	hsa05165:Human papillomavirus infection	55	2.2476501838986516	0.014640371931420915	RB1, ITGB1, GSK3B, CDKN1A, TRADD, PPP2R2A, UBE3A, LAMC1, RBPJ, CCND1, CREB3L3, CREB3L2, EP300, ITGAV, PRKACA, MAGI1, MAP2K1, TBP, ITGA4, PPP2R5B, TYK2, TNFRSF1A, PIK3CA, CCNE2, CCNE1, NFX1, PARD3, TBPL1, MAML3, ATP6V0D1, SOS2, LLGL1, ITGA9, NOTCH2, NOTCH3, NOTCH1, LAMA4, UBR4, FOXO1, EGFR, RELA, RELN, ATP6V0A4, FADD, FZD2, FZD5, FZD6, NFKB1, RPS6KB1, APC, TADA3, MDM2, BAX, PALS1, CRB3	1073	333	8840	1.360726989804343	0.9927447674204432	0.09979355561417522	0.08276291887762435
KEGG_PATHWAY	hsa05210:Colorectal cancer	19	0.7764609726195342	0.015336306470589355	GSK3B, CDKN1A, MAP2K1, SMAD4, BRAF, MLH1, EGFR, TGFBR2, CASP9, MAPK9, MAPK8, APC, PIK3CA, CCND1, MSH2, RPS6KB1, BAX, RAC1, SOS2	1073	87	8840	1.7992308598729527	0.9942698376514716	0.10244652722353689	0.08496313784706502
KEGG_PATHWAY	hsa00310:Lysine degradation	15	0.6129955046996322	0.01686662434228059	KMT2E, SETD2, KMT2A, PHYKPL, EHMT2, SUV39H1, SETD7, DLST, PRDM2, ASH1L, NSD3, SMYD2, KMT5B, COLGALT1, AASS	1073	63	8840	1.9615674788088582	0.9965915657299983	0.11045985353571994	0.0916089204472887
KEGG_PATHWAY	hsa05417:Lipid and atherosclerosis	38	1.5529219452390683	0.01805502274091405	GSK3B, HSP90AB1, ROCK2, RELA, CASP9, RAP1B, RXRB, MAPK9, PPP3CB, PPP3R1, MAPK8, RXRA, CD14, RAC1, BID, MAP3K7, RXRG, ABCA1, MAP2K3, HSPA8, POU2F1, PDPK1, MAPK14, NFKB1, TNFRSF1A, MIB1, MAPK11, PLCB3, PIK3CA, TRAF6, DDIT3, BAX, PLCB1, ATF6, TLR4, MYD88, ATF4, BCL2L1	1073	216	8840	1.4493804148976563	0.9977243309220645	0.11596879991279409	0.09617771729294598
KEGG_PATHWAY	hsa05211:Renal cell carcinoma	16	0.6538618716796076	0.01887626553319869	CDKN1A, MAP2K1, HGF, PRCC, TFE3, GAB1, BRAF, PTPN11, ETS1, CRKL, RAP1B, PIK3CA, EP300, RAC1, CRK, SOS2	1073	70	8840	1.883104779656504	0.9982791494470106	0.1189560884544974	0.09865519910747239
KEGG_PATHWAY	hsa04660:T cell receptor signaling pathway	24	0.9807928075194116	0.020048335572844002	GSK3B, MAP2K1, PDPK1, PPP2R5B, PPP2R2A, PTPN11, BCL10, MAPK14, RASGRP1, RELA, NFKB1, MAPK11, MAPK9, PPP3CB, PPP3R1, MAPK8, PTPRC, PIK3CA, CD28, FYN, MAP3K7, SOS2, NCK1, NFKBIB	1073	122	8840	1.6207049333109256	0.9988456042160828	0.12400266817277586	0.1028405361792183
KEGG_PATHWAY	hsa05220:Chronic myeloid leukemia	17	0.6947282386595832	0.020676368967503748	RB1, CDKN1A, MAP2K1, SMAD4, BRAF, PTPN11, RELA, NFKB1, TGFBR2, CRKL, PIK3CA, CCND1, MDM2, BAX, CRK, SOS2, BCL2L1	1073	77	8840	1.8189080258045776	0.9990681152558452	0.12411340334040236	0.10293237342901632
KEGG_PATHWAY	hsa04148:Efferocytosis	29	1.185124642419289	0.0208094328953968	LRP1, EPO, PTGER2, LIPA, DUSP16, CRKL, RXRA, P2RY2, S1PR1, ITGAV, RAC1, VPS16, ABCA1, MAP2K1, NR1H3, PTPN11, MAPK14, DUSP8, SIRT1, EPOR, DUSP7, MAPK11, ADAM17, MAPKAPK2, PECAM1, MFGE8, RAB5A, CRK, RAB7A	1073	156	8840	1.5315315315315317	0.9991094632433213	0.12411340334040236	0.10293237342901632
KEGG_PATHWAY	hsa05235:PD-L1 expression and PD-1 checkpoint pathway in cancer	19	0.7764609726195342	0.02133295345663208	MAP2K3, MAP2K1, IFNGR1, PTPN11, MAPK14, RASGRP1, EGFR, RELA, NFKB1, MAPK11, PPP3CB, PPP3R1, PIK3CA, RPS6KB1, TRAF6, CD28, TLR4, MYD88, NFKBIB	1073	90	8840	1.7392564978771876	0.9992551336706296	0.12500362200903709	0.10367066855240502
KEGG_PATHWAY	hsa05213:Endometrial cancer	14	0.5721291377196567	0.022304113366662968	GSK3B, CDKN1A, MAP2K1, PDPK1, BRAF, MLH1, ELK1, EGFR, CASP9, APC, PIK3CA, CCND1, BAX, SOS2	1073	59	8840	1.9549180975247604	0.9994653553816424	0.12738510567639405	0.1056457313543747
KEGG_PATHWAY	hsa04390:Hippo signaling pathway	29	1.185124642419289	0.022502159385949846	GSK3B, BMPR2, PPP2R2A, FGF1, ACTB, STK3, PPP1CC, RASSF1, CCND1, CCN2, YWHAG, SMAD1, SMAD4, FZD2, FZD5, FBXW11, FZD6, CSNK1D, YWHAZ, TGFBR2, LATS1, MOB1A, BMP2, LATS2, APC, PARD3, NF2, LLGL1, PALS1	1073	157	8840	1.5217765536236876	0.9995003344263336	0.12738510567639405	0.1056457313543747
KEGG_PATHWAY	hsa04550:Signaling pathways regulating pluripotency of stem cells	27	1.103391908459338	0.023579179595765377	GSK3B, BMPR2, BMI1, SMARCAD1, SKIL, ACVR1, SMAD1, PCGF6, MAP2K1, SMAD4, FZD2, FZD5, PCGF5, FZD6, PCGF3, LIFR, MAPK14, ACVR2B, SMAD5, ACVR2A, MAPK11, APC, PIK3CA, KAT6A, ID4, ID3, IL6ST	1073	144	8840	1.5447343895619756	0.9996542449889313	0.13125743308309393	0.10885721246711681
KEGG_PATHWAY	hsa04110:Cell cycle	29	1.185124642419289	0.02430065672635031	RB1, GSK3B, ANAPC13, CDKN1A, ANAPC15, MCM7, BUB1B, PKMYT1, PDS5A, SMC3, CDC14A, ORC4, NIPBL, CDC23, CCND1, EP300, YWHAG, SMAD4, ESCO1, ATRX, PPP2R5B, SMC1A, YWHAZ, STAG1, DBF4, CCNE2, CCNE1, MDM2, MAD1L1	1073	158	8840	1.512145056448854	0.9997298852916743	0.13305605486231153	0.11034888382293502
KEGG_PATHWAY	hsa04910:Insulin signaling pathway	26	1.0625255414793624	0.025094045662900022	GSK3B, PRKAA1, IRS1, PRKAG2, ELK1, FOXO1, CRKL, GYS2, MAPK9, PPP1CC, MAPK8, FLOT2, PRKACA, PPARGC1A, MAP2K1, EXOC7, PDPK1, PHKA1, BRAF, PRKAB1, G6PC3, PIK3CA, RPS6KB1, FBP1, CRK, SOS2	1073	138	8840	1.552196874535705	0.9997941506749767	0.1351840524420743	0.11211372013908558
KEGG_PATHWAY	hsa04658:Th1 and Th2 cell differentiation	19	0.7764609726195342	0.026231030622896737	NOTCH2, NOTCH3, IL4R, NOTCH1, IFNGR1, TYK2, MAPK14, RBPJ, RELA, NFKB1, DLL4, MAPK11, MAPK9, PPP3CB, PPP3R1, MAPK8, STAT6, MAML3, NFKBIB	1073	92	8840	1.7014465740102922	0.9998605941666286	0.13906609885789697	0.11533326162765709
KEGG_PATHWAY	hsa05223:Non-small cell lung cancer	16	0.6538618716796076	0.02698612370572414	RB1, CDKN1A, MAP2K1, PDPK1, HGF, BRAF, EGFR, CASP9, RXRB, RASSF1, RXRA, PIK3CA, CCND1, BAX, RXRG, SOS2	1073	73	8840	1.805716911999387	0.9998924136172619	0.1397898712087426	0.11593351594257992
KEGG_PATHWAY	hsa05162:Measles	26	1.0625255414793624	0.02720461565439601	GSK3B, TRADD, RCHY1, RELA, CASP9, MAPK9, MAPK8, CCND1, FADD, BID, MAP3K7, HSPA8, EIF2AK1, TYK2, NFKB1, PIK3CA, CCNE2, CCNE1, OAS3, TRAF6, CD28, BAX, TLR4, MYD88, BCL2L1, NFKBIB	1073	139	8840	1.5410299905462397	0.9999001883025236	0.1397898712087426	0.11593351594257992
KEGG_PATHWAY	hsa04668:TNF signaling pathway	23	0.939926440539436	0.027727225922738498	MAP2K3, ATF2, MAP2K1, ATF6B, TRADD, CFLAR, MAPK14, RELA, NFKB1, TNFRSF1A, MAPK11, MAPK9, ADAM17, ITCH, MAPK8, RPS6KA5, PIK3CA, CREB3L3, CREB3L2, RIPK1, FADD, MAP3K7, ATF4	1073	119	8840	1.592331247503661	0.9999165870203696	0.1403165675484039	0.11637032697876613
KEGG_PATHWAY	hsa05166:Human T-cell leukemia virus 1 infection	38	1.5529219452390683	0.028418212943154837	RB1, ATF2, ANAPC13, CDKN1A, ANAPC15, ATF6B, BUB1B, ETS1, ELK1, ADCY7, ETS2, RELA, POLB, MAPK9, PPP3CB, PPP3R1, MAPK8, ZFP36, CDC23, CCND1, CREB3L3, CREB3L2, EP300, PRKACA, MAP2K1, SMAD4, TBP, NFKB1, TGFBR2, TNFRSF1A, PIK3CA, CCNE2, CCNE1, BAX, TBPL1, MAD1L1, ATF4, BCL2L1	1073	223	8840	1.4038841686901065	0.9999342178696329	0.1416669122837868	0.11749022366050581
KEGG_PATHWAY	hsa04215:Apoptosis - multiple species	9	0.36779730281977935	0.03348091372440026	CASP9, MAPK9, MAPK8, BAX, FADD, BID, BCL2L1, BOK, TNFRSF1A	1073	32	8840	2.3171015843429634	0.9999885109221044	0.15842926229826618	0.1313919331036519
KEGG_PATHWAY	hsa04340:Hedgehog signaling pathway	13	0.5312627707396812	0.033593745210538345	CSNK1G3, GSK3B, SMURF2, FBXW11, PTCH1, CSNK1D, MOSMO, EVC, CCND1, SUFU, SPOP, SPOPL, PRKACA	1073	56	8840	1.9125282918386366	0.9999889502988408	0.15842926229826618	0.1313919331036519
KEGG_PATHWAY	hsa04115:p53 signaling pathway	16	0.6538618716796076	0.03367025774168941	CDKN1A, SIAH1, RCHY1, PPM1D, CASP9, SESN3, CCNE2, CCND1, CCNE1, CCNG2, SESN1, MDM2, BAX, MDM4, BID, BCL2L1	1073	75	8840	1.757564461012737	0.9999892386736489	0.15842926229826618	0.1313919331036519
KEGG_PATHWAY	hsa04350:TGF-beta signaling pathway	21	0.858193706579485	0.03413851928910648	ACVR1, SMAD1, SMAD4, BMPR2, SMURF2, HFE, SMAD5, ACVR2B, DCN, ACVR2A, TGFBR2, BMP2, ZFYVE16, NCOR1, RPS6KB1, HJV, SIN3A, ID4, ID3, EP300, SKIL	1073	108	8840	1.6019467743605675	0.9999908471002849	0.15842926229826618	0.1313919331036519
KEGG_PATHWAY	hsa03022:Basal transcription factors	11	0.4495300367797303	0.03470339962099171	TBP, TAF9, ERCC2, TBPL1, TAF7, GTF2H1, GTF2E1, GTF2H4, TAF5L, TAF2, TAF1	1073	44	8840	2.059645852749301	0.9999924716567884	0.15842926229826618	0.1313919331036519
KEGG_PATHWAY	hsa04928:Parathyroid hormone synthesis, secretion and action	22	0.8990600735594606	0.03498208639294411	ATF2, KL, CDKN1A, MAP2K1, JUND, ATF6B, BRAF, ADCY7, EGFR, LRP6, GNA13, RXRB, AKAP13, PLCB3, MAFB, RXRA, CREB3L3, CREB3L2, PLCB1, PRKACA, RXRG, ATF4	1073	115	8840	1.5760768264516392	0.9999931637911409	0.15842926229826618	0.1313919331036519
KEGG_PATHWAY	hsa04141:Protein processing in endoplasmic reticulum	30	1.2259910093992643	0.03510109404213083	PPP1R15A, HSP90AB1, ATF6B, NGLY1, UBE2J2, RNF5, DNAJB1, MAPK9, MAPK8, HSPH1, MAN1A2, MAN1C1, SSR1, MAN1A1, SIL1, TXNDC5, EDEM3, HSPA8, WFS1, YOD1, UBE2G1, RAD23A, UBE2G2, DNAJA1, DDIT3, ERP29, BAX, PREB, ATF6, ATF4	1073	170	8840	1.4538676607642125	0.9999934396672223	0.15842926229826618	0.1313919331036519
KEGG_PATHWAY	hsa04935:Growth hormone synthesis, secretion and action	23	0.939926440539436	0.03567757969591909	MAP2K3, ATF2, GSK3B, MAP2K1, ATF6B, IRS1, MAPK14, ADCY7, CRKL, GHR, MAPK11, MAPK9, PLCB3, MAPK8, PIK3CA, CREB3L3, CREB3L2, EP300, PLCB1, PRKACA, CRK, SOS2, ATF4	1073	122	8840	1.553175561089637	0.9999946267602066	0.158884154912493	0.1317691943435945
KEGG_PATHWAY	hsa03250:Viral life cycle - HIV-1	14	0.5721291377196567	0.03669101781168077	CCNT2, CPSF6, CCNT1, PSIP1, CXCR4, NUP153, MLLT3, SUPT5H, AFF4, BICD2, EP300, PIN1, NELFCD, NELFA	1073	63	8840	1.8307963135549343	0.9999962180683717	0.16124736775133391	0.13372910439257335
KEGG_PATHWAY	hsa04218:Cellular senescence	28	1.1442582754393134	0.03744603728671212	RB1, CDKN1A, GATA4, LIN9, ETS1, FOXO1, RELA, PPP1CC, PPP3CB, PPP3R1, CCND1, LIN52, MAP2K3, MAP2K1, FBXW11, MAPK14, HIPK1, SIRT1, HIPK3, NFKB1, TGFBR2, MAPK11, PIK3CA, CCNE2, CCNE1, MAPKAPK2, MDM2, RAD1	1073	157	8840	1.4693015000504568	0.9999970894248333	0.16242826563327076	0.1347084717976527
KEGG_PATHWAY	hsa04142:Lysosome	24	0.9807928075194116	0.04558358206814222	HGSNAT, MANBA, ENTPD4, FUCA1, CTSZ, CLTB, LAPTM5, NAGA, LIPA, CTSS, GGA2, CLN3, LAPTM4A, GGA3, GM2A, DMXL1, CTSH, AP1S1, TPP1, ATP6V0A4, AP3S1, PPT2, CD68, ATP6V0D1	1073	132	8840	1.4979242565449462	0.9999998292113141	0.1934009475980641	0.1603953966606699
KEGG_PATHWAY	hsa04310:Wnt signaling pathway	30	1.2259910093992643	0.04574453550972174	GSK3B, ROCK2, CBY1, LRP6, MAPK9, PPP3CB, PPP3R1, MAPK8, CCND1, EP300, RAC1, GPC4, PRKACA, MAP3K7, TLE4, RNF43, SMAD4, FZD2, FZD5, RYK, FBXW11, SERPINF1, FZD6, SIAH1, SENP2, SIRT1, PLCB3, VANGL2, APC, PLCB1	1073	174	8840	1.420445415689173	0.999999838566015	0.1934009475980641	0.1603953966606699
KEGG_PATHWAY	hsa04710:Circadian rhythm	9	0.36779730281977935	0.04656562877458245	PER1, PRKAA1, FBXW11, CRY2, RORC, PRKAG2, NR1D2, CSNK1D, PRKAB1	1073	34	8840	2.1808014911463185	0.9999998789043378	0.19441150013388173	0.16123348963199174
KEGG_PATHWAY	hsa05169:Epstein-Barr virus infection	34	1.3894564773191664	0.047313072772086164	RB1, CDKN1A, TRADD, RBPJ, RELA, CASP9, MAPK9, MAPK8, CCND1, SIN3A, BLNK, RIPK1, FADD, RAC1, BID, MAP3K7, MAP2K3, USP7, ENTPD1, SYK, TAP1, TYK2, MAPK14, NFKB1, MAPK11, PIK3CA, CCNE2, CCNE1, OAS3, TRAF6, MDM2, BAX, MYD88, NFKBIB	1073	203	8840	1.3798612609551968	0.9999999068101184	0.1950934111836639	0.16179902664034404
KEGG_PATHWAY	hsa05231:Choline metabolism in cancer	19	0.7764609726195342	0.05012881764014562	SLC44A5, SLC22A4, MAP2K1, CHKB, SLC44A1, SLC44A2, PDPK1, WAS, DGKZ, EGFR, MAPK9, MAPK8, PIK3CA, RPS6KB1, PIP5K1A, RAC1, WASF2, SOS2, DGKH	1073	99	8840	1.5811422707974432	0.9999999653252114	0.20418323282693462	0.16933759129658948
KEGG_PATHWAY	hsa00970:Aminoacyl-tRNA biosynthesis	14	0.5721291377196567	0.05112976954029377	PARS2, GATB, DARS2, FARS2, LARS2, SEPSECS, GARS1, SARS2, QARS1, NARS1, EPRS1, LARS1, TARS3, VARS1	1073	66	8840	1.7475782993024371	0.9999999756174929	0.20575112080070024	0.17063790557423342
KEGG_PATHWAY	hsa05219:Bladder cancer	10	0.4086636697997548	0.053457053942904904	RB1, CDKN1A, RASSF1, MAP2K1, RPS6KA5, CCND1, DAPK2, MDM2, BRAF, EGFR	1073	41	8840	2.0094105880480986	0.9999999892633699	0.21013414300777003	0.17427292698548594
KEGG_PATHWAY	hsa04520:Adherens junction	18	0.7355946056395587	0.05347725196305525	SMAD4, SMURF2, ROCK2, HEG1, WAS, WASL, IQGAP1, EGFR, ACTB, TGFBR2, RAP1B, PTPRB, PARD3, EP300, FYN, RAC1, MAP3K7, WASF2	1073	93	8840	1.594564531160749	0.99999998933962	0.21013414300777003	0.17427292698548594
KEGG_PATHWAY	hsa04720:Long-term potentiation	14	0.5721291377196567	0.056703312255914504	MAP2K1, BRAF, RAP1B, RPS6KA3, PPP1CC, PLCB3, PPP3CB, PPP3R1, RPS6KA2, RPS6KA1, EP300, PLCB1, PRKACA, ATF4	1073	67	8840	1.7214950411038934	0.9999999965917192	0.22021984062180747	0.1826374127312595
KEGG_PATHWAY	hsa04932:Non-alcoholic fatty liver disease	27	1.103391908459338	0.05993677746708631	GSK3B, PRKAA1, IRS1, NDUFB5, NDUFA4L2, PRKAG2, ADIPOR1, RELA, MAPK9, MAPK8, RXRA, RAC1, BID, NR1H3, MAPK14, PRKAB1, NFKB1, TNFRSF1A, MLXIPL, MAPK11, ITCH, PIK3CA, DDIT3, NDUFS5, BAX, PPARA, ATF4	1073	157	8840	1.4168264464772262	0.9999999989174229	0.23010211119548077	0.19083318802738977
KEGG_PATHWAY	hsa04657:IL-17 signaling pathway	18	0.7355946056395587	0.06327505809012676	GSK3B, JUND, HSP90AB1, TRADD, MUC5B, MAPK14, ELAVL1, RELA, IL17RB, NFKB1, MAPK11, MAPK9, MAPK8, TRAF6, FOSB, FADD, MAP3K7, MAPK4	1073	95	8840	1.560994751557365	0.9999999996700591	0.24015760684207202	0.19917262603369448
KEGG_PATHWAY	hsa04914:Progesterone-mediated oocyte maturation	20	0.8173273395995097	0.07485648215834703	ANAPC13, MAP2K1, ANAPC15, HSP90AB1, BRAF, PKMYT1, MAPK14, ADCY7, AURKA, MAPK11, MAPK9, RPS6KA3, MAPK8, CDC23, PIK3CA, RPS6KA2, RPS6KA1, PRKACA, MAD1L1, CPEB4	1073	111	8840	1.4844294434229195	0.9999999999948258	0.28092207911110006	0.23298028716699018
KEGG_PATHWAY	hsa03410:Base excision repair	10	0.4086636697997548	0.07814377506658071	POLB, SMUG1, PARP3, PARG, POLD1, TDP1, ADPRS, POLL, NEIL1, MUTYH	1073	44	8840	1.8724053206811828	0.9999999999984241	0.2900002319137551	0.2405091743715873
KEGG_PATHWAY	hsa05170:Human immunodeficiency virus 1 infection	34	1.3894564773191664	0.08145931579372213	TRADD, CXCR4, RELA, CRKL, DCAF1, CASP9, MAPK9, PPP3CB, PPP3R1, MAPK8, CFL1, AP1S1, RIPK1, FADD, RAC1, BID, MAP3K7, MAP2K3, MAP2K1, FBXW11, TAP1, MAPK14, NFKB1, TNFRSF1A, MAPK11, PIK3CA, RPS6KB1, TRAF6, GNB4, BAX, CRK, TLR4, MYD88, BCL2L1	1073	213	8840	1.3150790421310092	0.999999999999527	0.29898254368245264	0.2479585766468245
KEGG_PATHWAY	hsa05225:Hepatocellular carcinoma	28	1.1442582754393134	0.08482946547849539	RB1, GSK3B, CDKN1A, ELK1, EGFR, ACTB, LRP6, CCND1, ARID2, PBRM1, MAP2K1, SMAD4, FZD2, TXNRD3, PHF10, FZD5, HGF, FZD6, IGF2, GAB1, BRAF, TGFBR2, APC, PIK3CA, RPS6KB1, BAX, SOS2, BCL2L1	1073	170	8840	1.3569431500465983	0.9999999999998614	0.30796784206323324	0.2554104558428611
KEGG_PATHWAY	hsa04810:Regulation of actin cytoskeleton	36	1.4711892112791174	0.0908900301595916	ITGB1, CHRM2, ROCK2, LPAR1, CXCR4, WASL, IQGAP1, FGF1, EGFR, ACTB, CRKL, GNA13, PPP1CC, C6, CFL1, PIP5K1A, MYH14, PIP4K2A, PIP4K2B, ITGAV, NCKAP1L, RAC1, WASF2, MAP2K1, PPP1R12A, ITGA4, F2R, BRAF, ARPC4, SSH2, APC, PIK3CA, PFN1, CRK, SOS2, ITGA9	1073	230	8840	1.2895174034604318	0.9999999999999849	0.3264222588527268	0.27071546617426745
KEGG_PATHWAY	hsa04130:SNARE interactions in vesicular transport	8	0.3269309358398038	0.09673011283737412	GOSR1, STX18, VTI1A, STX4, STX3, VAMP2, VTI1B, VAMP3	1073	33	8840	1.997232342059928	0.9999999999999982	0.3437006136987549	0.2850451197441769
